global_halfbar,layer,halfbar_in_layer,instrumented_pixels,complete_min,complete_median,complete_max,complete_max_fraction,good_min,good_median,good_max,good_max_fraction,coherent_low_complete,coherent_low_good
0,1,0,14,8732,46585.5,63872,5.3548,7485,41813,57170,5.68008,0,0
1,1,1,14,5481,34519.5,64185,5.38104,4959,30920,55787,5.54267,0,0
2,1,2,14,0,26846.5,59088,4.95372,0,22160,50667,5.03398,0,0
3,1,3,14,416,32446.5,64513,5.40853,383,28710,56228,5.58649,0,0
4,1,4,14,5825,20095,64079,5.37215,5197,17683,57492,5.71207,0,0
5,1,5,14,0,10061,48791,4.09046,0,7106.5,41231,4.09647,0,0
6,1,6,14,0,15870,37146,3.11419,0,13569,34531,3.4308,0,0
7,1,7,14,0,0,0,0,0,0,0,0,1,1
8,1,8,14,1916,23823.5,61544,5.15962,1623,20520,55482,5.51237,0,0
9,1,9,14,12,21633,67832,5.68679,9,18817,60170,5.97814,0,0
10,1,10,14,150,18835.5,62686,5.25537,135,16136,53683,5.33363,0,0
11,1,11,14,705,2421,62201,5.2147,602,2104,55741,5.5381,0,0
12,1,12,14,4271,12366.5,64917,5.4424,3907,10909.5,58202,5.78261,0,0
13,1,13,14,9058,29582,55321,4.63791,7438,26903,51257,5.0926,0,0
14,1,14,14,9721,26929,47375,3.97175,8094,23382,43690,4.34078,0,0
15,1,15,14,3483,22163.5,66507,5.5757,2959,18784.5,59459,5.9075,0,0
16,1,16,14,308,8452.5,66541,5.57855,290,7422,59492,5.91078,0,0
17,1,17,14,135,10443.5,62140,5.20959,124,8834,56429,5.60646,0,0
18,1,18,14,4777,20934.5,59197,4.96286,4254,18681.5,53885,5.3537,0,0
19,1,19,14,0,9996,68191,5.71688,0,8713.5,61907,6.15072,0,0
20,1,20,14,3467,33369,58033,4.86527,2525,29291.5,52922,5.25802,0,0
21,1,21,14,15930,43025,66223,5.55189,13385,37423,59106,5.87243,0,0
22,1,22,14,828,3638,46907,3.93251,594,2618,36788,3.65504,0,0
23,1,23,14,3222,9138.5,60569,5.07788,2733,7069.5,54090,5.37407,0,0
24,1,24,14,0,0,329,0.0275822,0,0,273,0.0271237,1,1
25,1,25,14,0,25165,65910,5.52565,0,18947,57647,5.72747,0,0
26,1,26,14,0,3976,91699,7.68771,0,3609,75415,7.4928,0,0
27,1,27,14,7958,52703,66722,5.59373,6098,47382,58702,5.83229,0,0
28,1,28,14,0,22679.5,56866,4.76744,0,18134.5,50663,5.03358,0,0
29,1,29,14,0,7577.5,61225,5.13288,0,6111,53438,5.30929,0,0
30,1,30,14,302,3725,21236,1.78035,186,3179,18330,1.82116,0,0
31,1,31,14,625,3126.5,12748,1.06875,448,2088,11438,1.13641,0,0
32,1,32,14,1728,17473,57476,4.81858,1181,13904.5,49674,4.93532,0,0
33,1,33,14,1468,10489.5,54510,4.56992,1211,8947,48382,4.80695,0,0
34,1,34,14,2209,12238,54052,4.53152,1714,10458.5,47308,4.70025,0,0
35,1,35,14,331,24419,55748,4.67371,240,20479,48932,4.8616,0,0
36,1,36,14,124,18252,51111,4.28496,91,16157,46574,4.62732,0,0
37,1,37,14,985,19105.5,44607,3.73969,870,16761.5,39808,3.95509,0,0
38,1,38,14,3989,9917.5,28601,2.3978,3533,8610.5,24518,2.43597,0,0
39,1,39,14,820,30897.5,62282,5.2215,594,26631.5,54099,5.37496,0,0
40,1,40,14,3756,19999.5,38340,3.21429,2845,17474,33612,3.33949,0,0
41,1,41,14,2802,18456.5,58856,4.93427,2513,16501,51884,5.15489,0,0
42,1,42,14,5000,17784,39854,3.34121,4408,16028.5,35917,3.5685,0,0
43,1,43,14,588,9658.5,50161,4.20532,486,8565,45261,4.49687,0,0
44,1,44,14,0,7662,59033,4.94911,0,6571,51447,5.11148,0,0
45,1,45,14,0,9142.5,35039,2.93754,0,7922,29924,2.97308,0,0
46,1,46,14,171,705,35622,2.98642,131,609,30526,3.03289,0,0
47,1,47,14,182,3054.5,43585,3.65401,149,2511,37299,3.70581,0,0
48,1,48,14,0,1696.5,15458,1.29594,0,1392,13914,1.38241,0,0
49,1,49,14,8252,19186,50482,4.23223,7285,17000.5,45238,4.49459,0,0
50,1,50,14,37,11754,44178,3.70372,21,10868,39414,3.91595,0,0
51,1,51,14,0,92.5,8590,0.720154,0,85,7189,0.714257,0,0
52,1,52,14,398,15532.5,52086,4.3667,335,14040.5,46109,4.58112,0,0
53,1,53,14,97,13298,62980,5.28001,87,10715,55019,5.46637,0,0
54,1,54,14,22,5808,61188,5.12978,17,5100,50510,5.01838,0,0
55,1,55,14,0,4106.5,62551,5.24405,0,3631,52086,5.17496,0,0
56,1,56,14,752,11286,57021,4.78043,670,9905,51185,5.08544,0,0
57,1,57,14,0,0,60763,5.09415,0,0,53183,5.28395,0,0
58,1,58,14,0,4629.5,63269,5.30424,0,4028.5,53885,5.3537,0,0
59,1,59,14,43,2089.5,63125,5.29217,41,1629.5,55172,5.48157,0,0
60,1,60,14,1,18239.5,47289,3.96454,0,16616.5,40910,4.06458,0,0
61,1,61,14,0,215,6261,0.524899,0,190,5409,0.537407,0,0
62,1,62,14,1185,22317.5,57018,4.78018,641,19283,48738,4.84232,0,0
63,1,63,14,0,726.5,26074,2.18595,0,575.5,22467,2.23219,0,0
64,1,64,14,0,5296.5,50230,4.2111,0,3704.5,42311,4.20378,0,0
65,1,65,14,0,10077.5,51337,4.30391,0,7952,43517,4.3236,0,0
66,1,66,14,77,7527.5,57162,4.79225,58,5616.5,47961,4.76513,0,0
67,1,67,14,503,1960,64939,5.44425,279,1609,55415,5.50571,0,0
68,1,68,14,2146,33110.5,65732,5.51073,1826,28773.5,57306,5.69359,0,0
69,1,69,14,259,732.5,52939,4.43821,238,641,45813,4.55171,0,0
70,1,70,14,0,0,0,0,0,0,0,0,1,1
71,1,71,14,345,6634,44680,3.74581,270,5818.5,39755,3.94983,0,0
72,1,72,14,0,0,76536,6.4165,0,0,68645,6.82017,0,0
73,1,73,14,4548,20228.5,60500,5.0721,3481,17036,53365,5.30204,0,0
74,1,74,14,7834,27379,53499,4.48516,6782,24171,48612,4.82981,0,0
75,1,75,14,0,5813,59135,4.95766,0,5078,53171,5.28276,0,0
76,1,76,14,183,8133,50102,4.20037,103,7071.5,45335,4.50422,0,0
77,1,77,14,90,25018,48023,4.02607,54,20889.5,40096,3.98371,0,0
78,1,78,14,22,22441.5,49984,4.19048,4,17712.5,43666,4.3384,0,0
79,1,79,14,234,24205,52136,4.37089,158,21248.5,45434,4.51406,0,0
80,1,80,14,4249,25129,45009,3.77339,3533,21345,40085,3.98261,0,0
81,1,81,14,1100,29437.5,44613,3.74019,908,26283.5,39270,3.90164,0,0
82,1,82,14,2125,18819,51266,4.29795,1890,16285.5,44985,4.46945,0,0
83,1,83,14,3817,21253,56969,4.77607,3437,18941.5,51093,5.0763,0,0
84,2,0,14,6770,31460.5,59746,3.34552,5868,26774.5,52831,3.56352,0,0
85,2,1,14,7069,32537,58338,3.26668,6164,27081.5,50653,3.41661,0,0
86,2,2,14,8870,34182.5,59963,3.35767,7663,28740,52525,3.54288,0,0
87,2,3,14,2500,16258.5,57138,3.19948,2101,13527,49286,3.32441,0,0
88,2,4,14,1505,35269,61436,3.44015,1200,31440,55090,3.71589,0,0
89,2,5,14,0,10265.5,54600,3.05737,0,9135,48238,3.25372,0,0
90,2,6,14,3098,28774,47454,2.65722,2377,25411,42927,2.89548,0,0
91,2,7,14,6323,12905,42814,2.3974,5690,11446.5,37840,2.55236,0,0
92,2,8,14,309,15741.5,42388,2.37355,222,14007,37460,2.52673,0,0
93,2,9,14,0,440.5,54372,3.0446,0,355.5,48427,3.26647,0,0
94,2,10,14,0,26835.5,56802,3.18067,0,23288,49415,3.33311,0,0
95,2,11,14,181,13183.5,27964,1.56586,128,11684,24090,1.6249,0,0
96,2,12,14,0,4391.5,37272,2.08707,0,3768,31575,2.12978,0,0
97,2,13,14,2242,10580.5,34724,1.9444,1982,9149.5,29832,2.01221,0,0
98,2,14,14,4920,19811,31070,1.73979,4367,16517,27240,1.83737,0,0
99,2,15,14,1645,18739.5,34241,1.91735,1306,15107,28982,1.95488,0,0
100,2,16,14,4498,14827.5,27470,1.5382,4002,12959.5,24147,1.62875,0,0
101,2,17,14,1429,6639,22730,1.27278,1258,5889,20063,1.35328,0,0
102,2,18,14,12133,31073.5,42911,2.40283,10482,27867.5,39428,2.65947,0,0
103,2,19,14,221,4817.5,32612,1.82613,206,4220,29189,1.96884,0,0
104,2,20,14,10367,30568.5,64512,3.6124,5714,26477.5,52829,3.56339,0,0
105,2,21,14,8375,20476.5,33493,1.87547,7368,17930,29979,2.02212,0,0
106,2,22,14,0,2.5,24681,1.38203,0,0.5,15241,1.02803,0,0
107,2,23,14,1713,10927,34385,1.92541,1439,9617,30616,2.06509,0,0
108,2,24,14,1224,8327.5,21316,1.19361,950,7295,18108,1.22141,0,0
109,2,25,14,97,8431,17495,0.979646,54,7250,14009,0.944926,0,0
110,2,26,14,2766,10742,34573,1.93594,2409,8958,29535,1.99218,0,0
111,2,27,14,5613,14403,31668,1.77327,4836,12200,26803,1.8079,0,0
112,2,28,14,4884,22985,55214,3.09175,4266,20216,50250,3.38943,0,0
113,2,29,14,7298,15764.5,50598,2.83327,6530,14062.5,45823,3.09082,0,0
114,2,30,14,8209,30952,48841,2.73489,6987,26825.5,43667,2.9454,0,0
115,2,31,14,4719,25930,58427,3.27166,3964,22719,52105,3.51455,0,0
116,2,32,14,0,43475,59148,3.31204,0,38970.5,53079,3.58025,0,0
117,2,33,14,3235,9352,51210,2.86754,2776,8216.5,45184,3.04772,0,0
118,2,34,14,4551,44579.5,59341,3.32284,3842,40341,52607,3.54841,0,0
119,2,35,14,31815,57527.5,60361,3.37996,28422,51952,54082,3.6479,0,0
120,2,36,14,1583,36190.5,58881,3.29709,1096,31950.5,51193,3.45304,0,0
121,2,37,14,3038,31362.5,60801,3.4046,2440,27101.5,53138,3.58423,0,0
122,2,38,14,5515,29867.5,55481,3.1067,4734,25437.5,48023,3.23922,0,0
123,2,39,14,1575,35393.5,59527,3.33326,1174,30830,52468,3.53904,0,0
124,2,40,14,2127,11438.5,21863,1.22423,1850,9624.5,18288,1.23355,0,0
125,2,41,14,29672,51043,53275,2.98317,25714,44967.5,47319,3.19173,0,0
126,2,42,14,1479,10311,30463,1.7058,904,9198,26860,1.81174,0,0
127,2,43,14,3869,7469.5,52778,2.95534,3547,6688,45299,3.05548,0,0
128,2,44,14,10668,18113.5,33548,1.87855,9231,15904.5,28638,1.93167,0,0
129,2,45,14,3408,21860,51515,2.88462,2687,18997.5,45288,3.05474,0,0
130,2,46,14,0,956.5,11013,0.616681,0,478,9040,0.60976,0,0
131,2,47,14,148,4151.5,52198,2.92287,88,3418.5,45058,3.03922,0,0
132,2,48,14,0,22114,56774,3.1791,0,20024,50874,3.43152,0,0
133,2,49,14,0,0,32651,1.82832,0,0,29644,1.99953,0,0
134,2,50,14,189,34747,54858,3.07181,112,30755,49618,3.3468,0,0
135,2,51,14,0,15191.5,60360,3.3799,0,13407.5,52460,3.5385,0,0
136,2,52,14,0,0,0,0,0,0,0,0,1,1
137,2,53,14,0,0,0,0,0,0,0,0,1,1
138,2,54,14,1762,15211.5,32839,1.83884,1516,13457,30256,2.04081,0,0
139,2,55,14,0,18589,49344,2.76305,0,15506.5,45639,3.07841,0,0
140,2,56,14,2304,25243.5,45039,2.52199,1724,20026,39725,2.6795,0,0
141,2,57,14,1080,25999,40045,2.24235,788,21053.5,35163,2.37179,0,0
142,2,58,14,8,21683.5,63847,3.57516,8,17530.5,54689,3.68885,0,0
143,2,59,14,1817,20126,48310,2.70515,1317,16005,40527,2.7336,0,0
144,2,60,14,3516,40607,47837,2.67867,2742,34856.5,42709,2.88078,0,0
145,2,61,14,794,15382.5,48442,2.71255,616,13343.5,43253,2.91747,0,0
146,2,62,14,557,42478.5,52593,2.94498,402,38102,47285,3.18944,0,0
147,2,63,14,700,28914,42025,2.35322,540,25733.5,38847,2.62028,0,0
148,2,64,14,287,18991.5,38155,2.13652,204,16661.5,34144,2.30306,0,0
149,2,65,14,64,19395,36046,2.01842,50,17319,32611,2.19966,0,0
150,2,66,14,1924,30984.5,48685,2.72615,1573,27459,43717,2.94877,0,0
151,2,67,14,1356,32324.5,48968,2.742,1025,28557,44149,2.97791,0,0
152,2,68,14,4176,31011,45049,2.52255,3480,26109,40125,2.70649,0,0
153,2,69,14,3771,27079,36708,2.05549,3154,23633.5,32120,2.16654,0,0
154,2,70,14,0,791,12020,0.673069,0,394.5,7265,0.490034,0,0
155,2,71,14,0,0,0,0,0,0,0,0,1,1
156,2,72,14,0,7039,20055,1.12299,0,3999,12510,0.843816,0,0
157,2,73,14,0,224,22286,1.24792,0,108.5,14158,0.954976,0,0
158,2,74,14,0,13285.5,38344,2.1471,0,7966.5,26460,1.78476,0,0
159,2,75,14,0,1529,31446,1.76084,0,799,21123,1.42477,0,0
160,2,76,14,494,42632.5,51635,2.89134,362,39168.5,47215,3.18472,0,0
161,2,77,14,0,40518.5,53415,2.99101,0,36786,47704,3.2177,0,0
162,2,78,14,0,18643.5,56559,3.16706,0,16168,50171,3.3841,0,0
163,2,79,14,53,23560.5,41598,2.32931,39,19247.5,37127,2.50427,0,0
164,2,80,14,2156,13473.5,33891,1.89775,1541,10382,27794,1.87474,0,0
165,2,81,14,14084,49619,59197,3.31478,12338,42663.5,50431,3.40164,0,0
166,2,82,14,135,2216.5,4447,0.249013,109,1668.5,3544,0.239048,0,0
167,2,83,14,0,9252.5,48132,2.69519,0,7206.5,43477,2.93258,0,0
